sku,field,ua_or_diff,ru_or_bad,url
2135568309,descr_full,p: UA=1/RU=2,len(UA)=404 len(RU)=404,https://labresta.com.ua/plyta-hazova-apach-aprg-77p/
503960072,descr_full,br: UA=0/RU=1,len(UA)=380 len(RU)=375,https://labresta.com.ua/plyta-hazova-pimak-m018-pod-balon-400kh500kh500-mm/
1423206708,descr_full,p: UA=9/RU=10; strong: UA=1/RU=0,len(UA)=332 len(RU)=336,https://labresta.com.ua/plyta-hazova-pimak-70s-m015-4f-z-dukhovkoiu/
2180716716,descr_full,p: UA=3/RU=4,len(UA)=796 len(RU)=842,https://labresta.com.ua/plyta-hazova-pimak-70mx-4s-haz-kontrol/
2073616334,descr_full,style: UA=0/RU=1,len(UA)=293 len(RU)=304,https://labresta.com.ua/plyta-elektrychna-efes-epk-2sh-10.2-kvt/
2073639811,descr_full,style: UA=0/RU=2,len(UA)=264 len(RU)=275,https://labresta.com.ua/plyta-elektrychna-efes-epk-3sh-13.8-kvt/
2073651788,descr_full,style: UA=0/RU=3,len(UA)=249 len(RU)=259,https://labresta.com.ua/plyta-elektrychna-efes-epk-4msh-16.2-kvt/
2073655694,descr_full,style: UA=0/RU=4,len(UA)=248 len(RU)=258,https://labresta.com.ua/plyta-elektrychna-efes-epk-4sh-16.8-kvt/
2073659196,descr_full,style: UA=0/RU=5,len(UA)=248 len(RU)=258,https://labresta.com.ua/plyta-elektrychna-efes-epk-6sh-22.8-kvt/
1423210769,descr_full,li: UA=0/RU=5; p: UA=8/RU=4; ul: UA=0/RU=1,len(UA)=330 len(RU)=334,https://labresta.com.ua/plyta-hazova-pimak-70s-m015-4f-z-dukhovkoiu-haz.kontr./
2180743039,descr_full,font: UA=4/RU=0,len(UA)=784 len(RU)=813,https://labresta.com.ua/plyta-hazova-pimak-m015-4-z-dukh.-shafoiu-haz-kontr-konf.-4040/
2180848772,descr_full,br: UA=1/RU=0; p: UA=3/RU=4,len(UA)=572 len(RU)=610,https://labresta.com.ua/plyta-hazova-pimak-m015-6-z-haz-kontrolem-15001000/
2438016240,descr_full,strong: UA=1/RU=0,len(UA)=531 len(RU)=548,https://labresta.com.ua/plyta-induktsiina-ata-wok-k7ewk05tt/
2438031259,descr_full,br: UA=1/RU=0,len(UA)=590 len(RU)=530,https://labresta.com.ua/plyta-hazova-ata-c2gcu05vv/
2438042239,descr_full,br: UA=3/RU=1,len(UA)=626 len(RU)=647,https://labresta.com.ua/plyta-hazova-ata-c2gcu10vv/
2440565183,descr_full,p: UA=4/RU=5,len(UA)=408 len(RU)=417,https://labresta.com.ua/plyta-hazova-keramichna-ata-k7gtp10tt/
2440587137,descr_full,br: UA=2/RU=1; p: UA=3/RU=4,len(UA)=533 len(RU)=540,https://labresta.com.ua/plyta-elektrychna-ata-k4ecup05tt/
2440594489,descr_full,p: UA=7/RU=6,len(UA)=711 len(RU)=726,https://labresta.com.ua/plyta-elektrychna-ata-k4ecup10ff/
2441228083,descr_full,br: UA=6/RU=1; li: UA=7/RU=13; p: UA=7/RU=6,len(UA)=783 len(RU)=800,https://labresta.com.ua/plyta-elektrychna-ata-k7ecu10fvq/
2237501770,descr_full,strong: UA=1/RU=0,len(UA)=537 len(RU)=560,https://labresta.com.ua/poverkhnia-dlia-smazhennia-silver-2150-elektrychna/
2237505627,descr_full,strong: UA=1/RU=0,len(UA)=560 len(RU)=589,https://labresta.com.ua/poverkhnia-dlia-smazhennia-silver-2151-elektrychna/
2237514863,descr_full,strong: UA=1/RU=0,len(UA)=404 len(RU)=424,https://labresta.com.ua/poverkhnia-dlia-smazhennia-silver-2605-hazova/
2591341231,descr_full,br: UA=10/RU=0; li: UA=9/RU=19,len(UA)=754 len(RU)=775,https://labresta.com.ua/poverkhnia-dlia-smazhennia-hazova-ata-k4gfbp10ttr/
2591347841,descr_full,br: UA=0/RU=1; li: UA=21/RU=20,len(UA)=785 len(RU)=831,https://labresta.com.ua/poverkhnia-dlia-smazhennia-hazova-ata-k4gfbp10vvl/
2591360361,descr_full,li: UA=20/RU=19,len(UA)=705 len(RU)=686,https://labresta.com.ua/poverkhnia-dlia-smazhennia-hazova-ata-k4gfls05tt/
2593000866,descr_full,br: UA=0/RU=1; li: UA=20/RU=19,len(UA)=710 len(RU)=729,https://labresta.com.ua/poverkhnia-dlia-smazhennia-hazova-ata-k4gfrs05tt/
2593026129,descr_full,li: UA=22/RU=21,len(UA)=714 len(RU)=693,https://labresta.com.ua/poverkhnia-dlia-smazhennia-hazova-ata-k6gfl05tt/
2593035072,descr_full,li: UA=22/RU=21,len(UA)=718 len(RU)=697,https://labresta.com.ua/poverkhnia-dlia-smazhennia-hazova-ata-k6gfr05tt/
2593134661,descr_full,br: UA=0/RU=1; li: UA=22/RU=21,len(UA)=841 len(RU)=865,https://labresta.com.ua/poverkhnia-dlia-smazhennia-elektrychna-ata-c2efr10tt/
1489881212,descr_full,p: UA=1/RU=0,len(UA)=357 len(RU)=369,https://labresta.com.ua/frytiurnytsia-hazova-silver-2703-55-l/
2182869210,descr_full,br: UA=1/RU=0; p: UA=4/RU=5,len(UA)=517 len(RU)=537,https://labresta.com.ua/frytiurnytsia-elektrychna-saro-profri-88-v/
2182890630,descr_full,p: UA=0/RU=1,len(UA)=536 len(RU)=537,https://labresta.com.ua/frytiurnytsia-goodfood-ef12a2/
2183052378,descr_full,br: UA=1/RU=0; p: UA=5/RU=6,len(UA)=789 len(RU)=813,https://labresta.com.ua/frytiurnytsia-elektrychna-ozti-ofei-4070/
2183057949,descr_full,br: UA=1/RU=0; p: UA=5/RU=6,len(UA)=768 len(RU)=791,https://labresta.com.ua/frytiurnytsia-elektrychna-ozti-ofei-8070/
2183058865,descr_full,br: UA=2/RU=0; p: UA=4/RU=6,len(UA)=632 len(RU)=659,https://labresta.com.ua/frytiurnytsia-elektrychna-ozti-ofei-4090/
2183065565,descr_full,br: UA=2/RU=0; p: UA=4/RU=6,len(UA)=631 len(RU)=658,https://labresta.com.ua/frytiurnytsia-elektrychna-ozti-ofei-8090/
2183069030,descr_full,br: UA=1/RU=0; p: UA=4/RU=5,len(UA)=554 len(RU)=574,https://labresta.com.ua/frytiurnytsia-hazova-ozti-ofgi-4070/
2183076465,descr_full,br: UA=1/RU=0; p: UA=4/RU=5,len(UA)=651 len(RU)=676,https://labresta.com.ua/frytiurnytsia-hazova-ozti-ofgi-8070/
2588255436,descr_full,br: UA=11/RU=0; li: UA=8/RU=19,len(UA)=645 len(RU)=635,https://labresta.com.ua/frytiurnytsia-elektrychna-ata-k7efe0507/
2590906543,descr_full,br: UA=1/RU=0; li: UA=18/RU=19,len(UA)=635 len(RU)=648,https://labresta.com.ua/frytiurnytsia-elektrychna-ata-k7efe0515/
961342346,descr_full,p: UA=0/RU=1,len(UA)=703 len(RU)=713,https://labresta.com.ua/mikrokhvylova-pich-beko-pro25ix-bp-bez-tarilky/
497698742,descr_full,style: UA=0/RU=1,len(UA)=351 len(RU)=355,https://labresta.com.ua/pekarskyi-shafa-efes-shpe-1/
2075019191,descr_full,li: UA=9/RU=8,len(UA)=439 len(RU)=389,https://labresta.com.ua/stil-teplovyi-d-efes-6001100-mm/
2075038014,descr_full,li: UA=9/RU=8,len(UA)=439 len(RU)=389,https://labresta.com.ua/stil-teplovyi-d-efes-6001200-mm/
2074997451,descr_full,li: UA=8/RU=9,len(UA)=432 len(RU)=444,https://labresta.com.ua/skovoroda-efes-seem-0.5-01-74-l/
1141023861,descr_full,h2: UA=0/RU=1,len(UA)=1345 len(RU)=1365,https://labresta.com.ua/kotel-efes-ke-100-parovodnyi/
1141032740,descr_full,h2: UA=0/RU=1; p: UA=3/RU=2,len(UA)=1345 len(RU)=1366,https://labresta.com.ua/kotelefes-ke-160-parovodianyi/
1141036471,descr_full,h2: UA=0/RU=1; p: UA=3/RU=2,len(UA)=1345 len(RU)=1366,https://labresta.com.ua/kotelefes-ke-250-parovodianyi/
2511710157,descr_full,br: UA=2/RU=1; li: UA=8/RU=9,len(UA)=1647 len(RU)=1678,https://labresta.com.ua/termoprotsesor-sirman-softcooker-maxi-70/
908906059,descr_full,h2: UA=1/RU=0; p: UA=7/RU=8; strong: UA=0/RU=2,len(UA)=2342 len(RU)=2413,https://labresta.com.ua/pich-alto-shaam-1750-sk-sx-sd-nyzkotemperaturna/
1777550136,descr_full,h2: UA=1/RU=0; p: UA=8/RU=9; strong: UA=0/RU=2,len(UA)=2471 len(RU)=2551,https://labresta.com.ua/pichalto-shaam-1750-sk-dx-sd-nyzkotemperaturna/
2098339490,descr_full,font: UA=0/RU=6; p: UA=7/RU=9,len(UA)=2132 len(RU)=2199,https://labresta.com.ua/pich-nyzkotemperaturna-moduline-chs082-iz-koptylneiu/
2098369196,descr_full,font: UA=0/RU=6; p: UA=7/RU=9,len(UA)=2128 len(RU)=2195,https://labresta.com.ua/pich-nyzkotemperaturna-moduline-chs052e-iz-koptylneiu/
518661593,descr_full,h2: UA=0/RU=1,len(UA)=248 len(RU)=282,https://labresta.com.ua/rysovarka-54-l-hendi-240403/
2269474683,descr_full,li: UA=19/RU=18,len(UA)=801 len(RU)=797,https://labresta.com.ua/dehidrator-frosty-ffd-32h/
527283030,descr_full,h4: UA=1/RU=0; li: UA=8/RU=7; p: UA=9/RU=10,len(UA)=1551 len(RU)=1586,https://labresta.com.ua/pich-konvektsiina-apach-ad46d/
626891780,descr_full,strong: UA=2/RU=1,len(UA)=1286 len(RU)=1339,https://labresta.com.ua/pich-podova-frosty-nes-36/
2037438774,descr_full,p: UA=3/RU=4,len(UA)=691 len(RU)=787,https://labresta.com.ua/pich-podova-frosty-hgb-20d/
2176574295,descr_full,h4: UA=1/RU=0; p: UA=8/RU=9,len(UA)=1723 len(RU)=1793,https://labresta.com.ua/parokonvektomat-tatra-tpi-07d.5v/
2233743941,descr_full,br: UA=0/RU=3; li: UA=10/RU=7,len(UA)=845 len(RU)=850,https://labresta.com.ua/hastroiemnist-brillis-gn-1-1-65-z-melaminu/
2536962765,descr_full,p: UA=6/RU=5,len(UA)=927 len(RU)=930,https://labresta.com.ua/pich-konvektsiina-saro-thor/
2119118299,descr_full,strong: UA=5/RU=3,len(UA)=2142 len(RU)=2219,https://labresta.com.ua/pich-konvektsiina-vysokoshvydkisna-unox-xesw03hsmddn-220-v/
2045397540,descr_full,strong: UA=8/RU=5,len(UA)=2119 len(RU)=2192,https://labresta.com.ua/pich-konvektsiina-goodfood-gxf003-roberta/
2054588825,descr_full,p: UA=3/RU=2,len(UA)=420 len(RU)=421,https://labresta.com.ua/monoblok-morozylnyi-gooder-sgl011p/
2178512285,descr_full,div: UA=0/RU=1; span: UA=0/RU=1,len(UA)=656 len(RU)=678,https://labresta.com.ua/monoblok-kholodylnyi-tehma-tr1m10e/
2178531394,descr_full,div: UA=0/RU=1; span: UA=0/RU=1,len(UA)=662 len(RU)=683,https://labresta.com.ua/monoblok-kholodylnyi-tehma-tr1m15e/
2178534933,descr_full,div: UA=0/RU=1; span: UA=0/RU=1,len(UA)=658 len(RU)=680,https://labresta.com.ua/monoblok-kholodylnyi-tehma-tt1m25e/
2178540173,descr_full,div: UA=0/RU=1; span: UA=0/RU=1,len(UA)=876 len(RU)=899,https://labresta.com.ua/monoblok-morozylnyi-tehma-tt1l29e/
2053829523,descr_full,p: UA=3/RU=2,len(UA)=656 len(RU)=649,https://labresta.com.ua/monoblok-picoblock-mm13e0000/
2053872316,descr_full,p: UA=4/RU=3,len(UA)=651 len(RU)=649,https://labresta.com.ua/monoblok-picoblock-ml13e0000/
2053875462,descr_full,p: UA=4/RU=3,len(UA)=654 len(RU)=652,https://labresta.com.ua/monoblok-picoblock-ml05ew000/
2053878866,descr_full,p: UA=3/RU=2,len(UA)=657 len(RU)=650,https://labresta.com.ua/monoblok-picoblock-mm05e0000/
2053879891,descr_full,p: UA=3/RU=2,len(UA)=659 len(RU)=652,https://labresta.com.ua/monoblok-picoblock-mm08e0000/
2134334593,descr_full,br: UA=1/RU=0,len(UA)=877 len(RU)=897,https://labresta.com.ua/stil-kholodylnyi-tefcold-gs92/
2783183027,descr_full,p: UA=0/RU=1,len(UA)=543 len(RU)=558,https://labresta.com.ua/stil-kholodylnyi-cooleq-ps300/
2134351614,descr_full,p: UA=7/RU=6,len(UA)=1064 len(RU)=1062,https://labresta.com.ua/stil-kholodylnyi-tefcold-ss7300/
2364467159,descr_full,li: UA=29/RU=28,len(UA)=998 len(RU)=991,https://labresta.com.ua/stil-kholodylnyi-tefcold-gp93-i/
1860525423,descr_full,li: UA=10/RU=12,len(UA)=508 len(RU)=385,https://labresta.com.ua/kholodylna-shafa-hata-dr400g-sklo/
2565987923,descr_full,li: UA=13/RU=12,len(UA)=549 len(RU)=473,https://labresta.com.ua/lodohenerator-hurakan-hkn-imf25-kubyk/
1892001780,descr_full,br: UA=1/RU=0; p: UA=0/RU=1,len(UA)=386 len(RU)=377,https://labresta.com.ua/stil-kholodylnyi-hata-snackh2200tn-s-s304-z-bortom/
1892681270,descr_full,br: UA=1/RU=0; p: UA=0/RU=1,len(UA)=382 len(RU)=373,https://labresta.com.ua/stil-kholodylnyi-hata-snackh3100tn-s-s304/
1892683653,descr_full,br: UA=1/RU=0; p: UA=0/RU=1,len(UA)=387 len(RU)=378,https://labresta.com.ua/stil-kholodylnyi-hata-snackh2100tn-s-s304-bez-borta/
1892693130,descr_full,br: UA=1/RU=0; p: UA=0/RU=1,len(UA)=381 len(RU)=372,https://labresta.com.ua/stil-kholodylnyi-hata-snackh3200tn-s-s304-z-bortom/
2053013217,descr_full,li: UA=28/RU=26,len(UA)=1040 len(RU)=990,https://labresta.com.ua/stil-kholodylnyi-tefcold-sk6210/
2396380249,descr_full,li: UA=40/RU=41; p: UA=14/RU=13; strong: UA=0/RU=1; ul: UA=13/RU=12,len(UA)=1572 len(RU)=1676,https://labresta.com.ua/kholodylnyi-stil-ggm-gastro-sag147end/
1583755165,descr_full,img: UA=0/RU=2; p: UA=2/RU=3,len(UA)=563 len(RU)=563,https://labresta.com.ua/stil-kholodylnyi-tefcold-sa914-saladetta/
2538822484,descr_full,p: UA=3/RU=2,len(UA)=600 len(RU)=623,https://labresta.com.ua/aparat-dlia-morozyva-nemox-gelato-chef-5l-automatic-i-green/
1860558686,descr_full,p: UA=1/RU=2,len(UA)=560 len(RU)=560,https://labresta.com.ua/morozylna-shafa-hata-df600-10...-22s-nerzh./
2284543764,descr_full,strong: UA=2/RU=1,len(UA)=1145 len(RU)=1161,https://labresta.com.ua/enerhozberihaiucha-shafa-morozylna-brillis-bl18-led-r290-ef-inv-z-inventornoiu-tekhnolohiieiu/
1775858995,descr_full,br: UA=0/RU=1; table: UA=1/RU=0; tbody: UA=1/RU=0; td: UA=2/RU=0; tr: UA=1/RU=0,len(UA)=1010 len(RU)=1021,https://labresta.com.ua/morozylna-shafa-tefcold-nf2500g/
1775900559,descr_full,br: UA=0/RU=1; table: UA=1/RU=0; tbody: UA=1/RU=0; td: UA=2/RU=0; tr: UA=1/RU=0,len(UA)=1053 len(RU)=1061,https://labresta.com.ua/morozylna-shafa-tefcold-nf2500g-ral7024/
2108377745,descr_full,div: UA=0/RU=1; span: UA=0/RU=1,len(UA)=911 len(RU)=934,https://labresta.com.ua/vitryna-kholodylna-dlia-vyna-goodfood-rt400l2/
1153845669,descr_full,li: UA=23/RU=24,len(UA)=877 len(RU)=906,https://labresta.com.ua/minibar-kholodylnyi-tefcold-bc30/
1153849857,descr_full,li: UA=24/RU=26,len(UA)=849 len(RU)=972,https://labresta.com.ua/minibar-kholodylnyi-tefcold-bc60/
1504744336,descr_full,h2: UA=0/RU=1; li: UA=9/RU=10; p: UA=0/RU=3,len(UA)=275 len(RU)=740,https://labresta.com.ua/pich-dlia-pitsy-konveierna-apach-amt-50/
478702668,descr_full,br: UA=4/RU=3,len(UA)=566 len(RU)=605,https://labresta.com.ua/pich-dlia-pitsy-ggf-micro-v/
1166382609,descr_full,p: UA=2/RU=3,len(UA)=121 len(RU)=205,https://labresta.com.ua/forma-dlia-pitsy-hendi-617908-z-aliuminiievym-pokryttiam-240xh25-mm/
712472024,descr_full,li: UA=11/RU=8; p: UA=5/RU=0; ul: UA=2/RU=1,len(UA)=667 len(RU)=299,https://labresta.com.ua/skrynia-morozylna-ubc-victory-539-l/
1892028761,descr_full,span: UA=8/RU=9,len(UA)=446 len(RU)=445,https://labresta.com.ua/vitryna-kholodylna-frosty-fw-160s/
1892029566,descr_full,span: UA=8/RU=9,len(UA)=447 len(RU)=446,https://labresta.com.ua/vitryna-kholodylna-frosty-fw-200s/
1580448876,descr_full,br: UA=1/RU=0,len(UA)=1288 len(RU)=1318,https://labresta.com.ua/kondyterska-vitryna-tefcold-lpd1200f-black-kholodylna/
1581246655,descr_full,p: UA=1/RU=0,len(UA)=894 len(RU)=908,https://labresta.com.ua/kholodylna-vitryna-tefcold-vk38-200-dlia-topinhu/
1582902006,descr_full,h2: UA=1/RU=0; p: UA=2/RU=3,len(UA)=724 len(RU)=739,https://labresta.com.ua/skrynia-morozylna-tefcold-ic400sc/
2089902857,descr_full,div: UA=0/RU=1; span: UA=0/RU=1; strong: UA=3/RU=1,len(UA)=1526 len(RU)=1549,https://labresta.com.ua/vitryna-kholodylna-juka-fgl160a-restailinh/
2089904779,descr_full,div: UA=0/RU=1; span: UA=0/RU=1; strong: UA=3/RU=1,len(UA)=1540 len(RU)=1548,https://labresta.com.ua/vitryna-kholodylna-juka-fgl190a-restailinh/
2108381241,descr_full,div: UA=0/RU=1; span: UA=0/RU=1,len(UA)=943 len(RU)=958,https://labresta.com.ua/vitryna-kholodylna-goodfood-rts220l/
2124565090,descr_full,br: UA=0/RU=1; p: UA=6/RU=5,len(UA)=1000 len(RU)=1039,https://labresta.com.ua/skrynia-morozylna-ubc-prima-340-l/
2190266204,descr_full,div: UA=0/RU=1; span: UA=0/RU=1,len(UA)=520 len(RU)=545,https://labresta.com.ua/vitryna-kholodylna-goodfood-rtw202l5/
2209981718,descr_full,strong: UA=1/RU=0,len(UA)=654 len(RU)=695,https://labresta.com.ua/vitryna-kholodylna-goodfood-rtw295l/
2210008359,descr_full,strong: UA=1/RU=0,len(UA)=578 len(RU)=620,https://labresta.com.ua/vitryna-kholodylna-goodfood-rtw235l5-bila/
2210014203,descr_full,strong: UA=1/RU=0,len(UA)=597 len(RU)=639,https://labresta.com.ua/vitryna-kholodylna-goodfood-rtw295l5-bila/
2210016415,descr_full,strong: UA=1/RU=0,len(UA)=525 len(RU)=534,https://labresta.com.ua/vitryna-kholodylna-goodfood-fw270r-bila/
2366723972,descr_full,strong: UA=0/RU=1,len(UA)=1915 len(RU)=1983,https://labresta.com.ua/skrynia-morozylna-tefcold-ic400sc-p/
2493978929,descr_full,div: UA=0/RU=1; span: UA=0/RU=1,len(UA)=782 len(RU)=788,https://labresta.com.ua/vitryna-kholodylna-tecnodom-evok90vw/
2089720815,descr_full,div: UA=0/RU=1; span: UA=0/RU=1,len(UA)=1554 len(RU)=1565,https://labresta.com.ua/vitryna-kholodylna-juka-sgl160a/
2089916345,descr_full,div: UA=0/RU=1; span: UA=0/RU=1,len(UA)=1707 len(RU)=1759,https://labresta.com.ua/vitryna-kholodylna-juka-fdi-197a/
2089919552,descr_full,div: UA=0/RU=1; span: UA=0/RU=1,len(UA)=1748 len(RU)=1785,https://labresta.com.ua/vitryna-kholodylna-juka-fdi-260a/
2089167045,descr_full,li: UA=23/RU=24,len(UA)=1420 len(RU)=1438,https://labresta.com.ua/vitryna-kholodylna-juka-vgl130/
2089674668,descr_full,li: UA=23/RU=24,len(UA)=1526 len(RU)=1545,https://labresta.com.ua/vitryna-kholodylna-juka-vgl130a/
2089690454,descr_full,div: UA=0/RU=1; span: UA=0/RU=1,len(UA)=1510 len(RU)=1525,https://labresta.com.ua/vitryna-kholodylna-juka-sgl130/
2089692556,descr_full,div: UA=0/RU=1; span: UA=0/RU=1,len(UA)=1501 len(RU)=1521,https://labresta.com.ua/vitryna-kholodylna-juka-sgl160/
2089695528,descr_full,div: UA=0/RU=1; span: UA=0/RU=1,len(UA)=1515 len(RU)=1521,https://labresta.com.ua/vitryna-kholodylna-juka-sgl190/
2089700282,descr_full,div: UA=0/RU=1; span: UA=0/RU=1,len(UA)=1522 len(RU)=1527,https://labresta.com.ua/vitryna-kholodylna-juka-sgl260/
2089712173,descr_full,div: UA=0/RU=1; span: UA=0/RU=1,len(UA)=1555 len(RU)=1570,https://labresta.com.ua/vitryna-kholodylna-juka-sgl130a/
2089727967,descr_full,div: UA=0/RU=1; span: UA=0/RU=1,len(UA)=1554 len(RU)=1565,https://labresta.com.ua/vitryna-kholodylna-juka-sgl190a/
2089735844,descr_full,div: UA=0/RU=1; span: UA=0/RU=1,len(UA)=1535 len(RU)=1545,https://labresta.com.ua/vitryna-kholodylna-juka-sgl260a/
2089858599,descr_full,div: UA=0/RU=1; span: UA=0/RU=1,len(UA)=1557 len(RU)=1579,https://labresta.com.ua/vitryna-kholodylna-juka-fgl130-restailinh/
2089866067,descr_full,div: UA=0/RU=1; span: UA=0/RU=1,len(UA)=1539 len(RU)=1571,https://labresta.com.ua/vitryna-kholodylna-juka-fgl160-restailinh/
2089872709,descr_full,div: UA=0/RU=1; span: UA=0/RU=1,len(UA)=1560 len(RU)=1576,https://labresta.com.ua/vitryna-kholodylna-juka-fgl190-restailinh/
2089875101,descr_full,div: UA=0/RU=1; span: UA=0/RU=1,len(UA)=1566 len(RU)=1581,https://labresta.com.ua/vitryna-kholodylna-juka-fgl260-restailinh/
2089896893,descr_full,div: UA=0/RU=1; span: UA=0/RU=1; strong: UA=3/RU=1,len(UA)=1537 len(RU)=1551,https://labresta.com.ua/vitryna-kholodylna-juka-fgl130a-restailinh/
2089908363,descr_full,div: UA=0/RU=1; span: UA=0/RU=1; strong: UA=3/RU=1,len(UA)=1550 len(RU)=1559,https://labresta.com.ua/vitryna-kholodylna-juka-fgl260a-restailinh/
2089912382,descr_full,div: UA=0/RU=1; span: UA=0/RU=1,len(UA)=1717 len(RU)=1765,https://labresta.com.ua/vitryna-kholodylna-juka-fdi-160a/
2089923193,descr_full,div: UA=0/RU=1; span: UA=0/RU=1,len(UA)=1960 len(RU)=1984,https://labresta.com.ua/vitryna-kholodylna-juka-fdi-e/
2123668327,descr_full,br: UA=0/RU=1; p: UA=6/RU=5,len(UA)=1075 len(RU)=1116,https://labresta.com.ua/skrynia-morozylna-ubc-aurora-205-l/
2124548074,descr_full,br: UA=0/RU=2; p: UA=7/RU=5,len(UA)=1076 len(RU)=1114,https://labresta.com.ua/skrynia-morozylna-ubc-legend-405-l/
2124551780,descr_full,br: UA=0/RU=1; p: UA=7/RU=6,len(UA)=1075 len(RU)=1113,https://labresta.com.ua/skrynia-morozylna-ubc-king-550-l/
2125036710,descr_full,br: UA=0/RU=1; p: UA=6/RU=5,len(UA)=1000 len(RU)=1039,https://labresta.com.ua/skrynia-morozylna-ubc-prima-340-l-priame-sklo/
2154294348,descr_full,div: UA=0/RU=1; span: UA=0/RU=1,len(UA)=959 len(RU)=963,https://labresta.com.ua/vitryna-kholodylna-ubc-nika-1.0/
2154316540,descr_full,div: UA=0/RU=1; span: UA=0/RU=1,len(UA)=972 len(RU)=977,https://labresta.com.ua/vitryna-kholodylna-ubc-nika-1.25/
2154322295,descr_full,div: UA=0/RU=1; span: UA=0/RU=1,len(UA)=972 len(RU)=977,https://labresta.com.ua/vitryna-kholodylna-ubc-nika-1.5/
2154327039,descr_full,div: UA=0/RU=1; span: UA=0/RU=1,len(UA)=972 len(RU)=977,https://labresta.com.ua/vitryna-kholodylna-ubc-nika-1.75/
2154330599,descr_full,div: UA=0/RU=1; span: UA=0/RU=1,len(UA)=971 len(RU)=976,https://labresta.com.ua/vitryna-kholodylna-ubc-nika-2.0/
2159444026,descr_full,div: UA=0/RU=1; p: UA=8/RU=9; span: UA=0/RU=1; strong: UA=5/RU=3,len(UA)=1851 len(RU)=1877,https://labresta.com.ua/vitryna-kholodylna-ubc-muza-1.0/
2159449432,descr_full,div: UA=0/RU=1; p: UA=8/RU=9; span: UA=0/RU=1; strong: UA=5/RU=3,len(UA)=1852 len(RU)=1878,https://labresta.com.ua/vitryna-kholodylna-ubc-muza-1.25/
2159452033,descr_full,div: UA=0/RU=1; p: UA=8/RU=9; span: UA=0/RU=1; strong: UA=5/RU=3,len(UA)=1853 len(RU)=1879,https://labresta.com.ua/vitryna-kholodylna-ubc-muza-1.5/
2159454500,descr_full,div: UA=0/RU=1; p: UA=8/RU=9; span: UA=0/RU=1; strong: UA=5/RU=3,len(UA)=1853 len(RU)=1879,https://labresta.com.ua/vitryna-kholodylna-ubc-muza-1.75/
2159468501,descr_full,div: UA=0/RU=1; p: UA=8/RU=9; span: UA=0/RU=1; strong: UA=5/RU=3,len(UA)=1852 len(RU)=1878,https://labresta.com.ua/vitryna-kholodylna-ubc-muza-2.0/
2159475064,descr_full,div: UA=0/RU=1; p: UA=8/RU=9; span: UA=0/RU=1; strong: UA=5/RU=3,len(UA)=1850 len(RU)=1878,https://labresta.com.ua/vitryna-kholodylna-ubc-muza-2.5/
2164870858,descr_full,div: UA=0/RU=1; span: UA=0/RU=1,len(UA)=786 len(RU)=807,https://labresta.com.ua/vitryna-kholodylna-ubc-muza-m-1.0-modul/
2166468351,descr_full,div: UA=0/RU=1; span: UA=0/RU=1,len(UA)=697 len(RU)=713,https://labresta.com.ua/vitryna-kholodylna-ubc-muza-m-1.25-modul/
2166473549,descr_full,div: UA=0/RU=1; span: UA=0/RU=1,len(UA)=786 len(RU)=810,https://labresta.com.ua/vitryna-kholodylna-ubc-muza-m-1.5-modul/
2166476767,descr_full,div: UA=0/RU=1; span: UA=0/RU=1,len(UA)=782 len(RU)=806,https://labresta.com.ua/vitryna-kholodylna-ubc-muza-m-1.75-modul/
2166481084,descr_full,div: UA=0/RU=1; span: UA=0/RU=1,len(UA)=783 len(RU)=807,https://labresta.com.ua/vitryna-kholodylna-ubc-muza-m-2.0-modul/
2166490777,descr_full,div: UA=0/RU=1; span: UA=0/RU=1; strong: UA=2/RU=1,len(UA)=779 len(RU)=805,https://labresta.com.ua/vitryna-kholodylna-ubc-muza-m-2.5-modul/
2166507025,descr_full,div: UA=0/RU=1; span: UA=0/RU=1,len(UA)=1182 len(RU)=1213,https://labresta.com.ua/vitryna-kholodylna-ubc-gracia-m-fg-0.94-modul/
2166530212,descr_full,div: UA=0/RU=1; span: UA=0/RU=1,len(UA)=1171 len(RU)=1222,https://labresta.com.ua/vitryna-kholodylna-ubc-gracia-m-fg-1.25-modul/
2166542418,descr_full,div: UA=0/RU=1; span: UA=0/RU=1,len(UA)=1184 len(RU)=1215,https://labresta.com.ua/vitryna-kholodylna-ubc-gracia-m-fg-1.56-modul/
2166545852,descr_full,div: UA=0/RU=1; span: UA=0/RU=1,len(UA)=1185 len(RU)=1216,https://labresta.com.ua/vitryna-kholodylna-ubc-gracia-m-fg-1.88-modul/
2166549779,descr_full,div: UA=0/RU=1; span: UA=0/RU=1,len(UA)=1205 len(RU)=1243,https://labresta.com.ua/vitryna-kholodylna-ubc-gracia-m-fg-2.5-modul/
2166568306,descr_full,div: UA=0/RU=1; span: UA=0/RU=1,len(UA)=1172 len(RU)=1223,https://labresta.com.ua/vitryna-kholodylna-ubc-gracia-m-d-fg-1.25-modul/
2166569753,descr_full,div: UA=0/RU=1; span: UA=0/RU=1,len(UA)=1185 len(RU)=1216,https://labresta.com.ua/vitryna-kholodylna-ubc-gracia-m-d-fg-1.56-modul/
2166577121,descr_full,div: UA=0/RU=1; span: UA=0/RU=1,len(UA)=1186 len(RU)=1217,https://labresta.com.ua/vitryna-kholodylna-ubc-gracia-m-d-fg-1.875-modul/
2166581099,descr_full,div: UA=0/RU=1; span: UA=0/RU=1,len(UA)=1206 len(RU)=1244,https://labresta.com.ua/vitryna-kholodylna-ubc-gracia-m-d-fg-2.5-modul/
2167083560,descr_full,div: UA=0/RU=1; span: UA=0/RU=1,len(UA)=778 len(RU)=797,https://labresta.com.ua/vitryna-kholodylna-ubc-gracia-m-0.94-modul/
2167093765,descr_full,div: UA=0/RU=1; span: UA=0/RU=1,len(UA)=766 len(RU)=785,https://labresta.com.ua/vitryna-kholodylna-ubc-gracia-m-1.25-modul/
2167100066,descr_full,div: UA=0/RU=1; span: UA=0/RU=1,len(UA)=766 len(RU)=785,https://labresta.com.ua/vitryna-kholodylna-ubc-gracia-m-1.56-modul/
2167104515,descr_full,div: UA=0/RU=1; span: UA=0/RU=1,len(UA)=766 len(RU)=785,https://labresta.com.ua/vitryna-kholodylna-ubc-gracia-m-1.88-modul/
2167107270,descr_full,div: UA=0/RU=1; li: UA=14/RU=13; span: UA=0/RU=1,len(UA)=766 len(RU)=748,https://labresta.com.ua/vitryna-kholodylna-ubc-gracia-m-2.5-modul/
2167109675,descr_full,div: UA=0/RU=1; span: UA=0/RU=1,len(UA)=807 len(RU)=825,https://labresta.com.ua/vitryna-kholodylna-ubc-gracia-m-d-0.94-modul/
2167119056,descr_full,div: UA=0/RU=1; span: UA=0/RU=1,len(UA)=850 len(RU)=867,https://labresta.com.ua/vitryna-kholodylna-ubc-gracia-m-d-1.25-modul/
2167131794,descr_full,div: UA=0/RU=1; span: UA=0/RU=1,len(UA)=876 len(RU)=893,https://labresta.com.ua/vitryna-kholodylna-ubc-gracia-m-d-1.56-modul/
2167142944,descr_full,div: UA=0/RU=1; span: UA=0/RU=1,len(UA)=876 len(RU)=893,https://labresta.com.ua/vitryna-kholodylna-ubc-gracia-m-d-1.875-modul/
2167145472,descr_full,div: UA=0/RU=1; span: UA=0/RU=1,len(UA)=878 len(RU)=895,https://labresta.com.ua/vitryna-kholodylna-ubc-gracia-m-d-2.5-modul/
2167151300,descr_full,div: UA=0/RU=1; span: UA=0/RU=1,len(UA)=999 len(RU)=1026,https://labresta.com.ua/vitryna-kholodylna-ubc-gracia-m-d-es-modul/
2167173167,descr_full,div: UA=0/RU=1; span: UA=0/RU=1,len(UA)=821 len(RU)=844,https://labresta.com.ua/vitryna-kholodylna-ubc-gracia-m-d-is-modul/
2167238403,descr_full,div: UA=0/RU=1; span: UA=0/RU=1,len(UA)=746 len(RU)=754,https://labresta.com.ua/vitryna-kholodylna-ubc-gracia-m-d-self-1.25-modul/
2167259644,descr_full,div: UA=0/RU=1; span: UA=0/RU=1,len(UA)=746 len(RU)=754,https://labresta.com.ua/vitryna-kholodylna-ubc-gracia-m-d-self-1.875-modul/
2167278125,descr_full,div: UA=0/RU=1; span: UA=0/RU=1,len(UA)=836 len(RU)=831,https://labresta.com.ua/vitryna-kholodylna-ubc-diana-cube-1.3/
2167292538,descr_full,div: UA=0/RU=1; span: UA=0/RU=1,len(UA)=699 len(RU)=698,https://labresta.com.ua/vitryna-kholodylna-ubc-diana-cube-cascade-1.3/
2167305811,descr_full,div: UA=0/RU=1; span: UA=0/RU=1,len(UA)=1017 len(RU)=1017,https://labresta.com.ua/vitryna-kholodylna-ubc-gracia-cube-meat-1.25/
2169148995,descr_full,p: UA=3/RU=4,len(UA)=957 len(RU)=992,https://labresta.com.ua/vitryna-kondyterska-ubc-muza-k-1.25/
2169752648,descr_full,font: UA=24/RU=0,len(UA)=1237 len(RU)=1250,https://labresta.com.ua/kholodylna-hirka-rehal-ubc-aura-0.63/
2169759262,descr_full,font: UA=26/RU=0,len(UA)=1033 len(RU)=1040,https://labresta.com.ua/kholodylna-hirka-rehal-ubc-aura-1.0/
2169760680,descr_full,font: UA=24/RU=0,len(UA)=1010 len(RU)=1017,https://labresta.com.ua/kholodylna-hirka-rehal-ubc-aura-1.25/
2169765294,descr_full,font: UA=24/RU=0,len(UA)=1010 len(RU)=1016,https://labresta.com.ua/kholodylna-hirka-rehal-ubc-aura-1.56/
2169768949,descr_full,font: UA=24/RU=0,len(UA)=1008 len(RU)=1014,https://labresta.com.ua/kholodylna-hirka-rehal-ubc-aura-1.875/
2169771573,descr_full,font: UA=20/RU=0,len(UA)=976 len(RU)=984,https://labresta.com.ua/kholodylna-hirka-rehal-ubc-aura-2.5/
2169775521,descr_full,font: UA=16/RU=0,len(UA)=702 len(RU)=702,https://labresta.com.ua/kholodylna-hirka-rehal-ubc-aura-slim-1.0/
2169785154,descr_full,font: UA=16/RU=2,len(UA)=703 len(RU)=703,https://labresta.com.ua/kholodylna-hirka-rehal-ubc-aura-slim-1.25/
2169788679,descr_full,font: UA=16/RU=2,len(UA)=703 len(RU)=703,https://labresta.com.ua/kholodylna-hirka-rehal-ubc-aura-slim-1.56/
2169792005,descr_full,font: UA=16/RU=2,len(UA)=703 len(RU)=703,https://labresta.com.ua/kholodylna-hirka-rehal-ubc-aura-slim-1.85/
2169796301,descr_full,font: UA=16/RU=2,len(UA)=703 len(RU)=703,https://labresta.com.ua/kholodylna-hirka-rehal-ubc-aura-slim-2.5/
1500155912,descr_full,h2: UA=0/RU=1,len(UA)=1388 len(RU)=1492,https://labresta.com.ua/boneta-morozylna-juka-m1000v/
1500170845,descr_full,h2: UA=0/RU=1,len(UA)=992 len(RU)=1079,https://labresta.com.ua/boneta-morozylna-juka-m1000s/
2089153909,descr_full,strong: UA=0/RU=1,len(UA)=1540 len(RU)=1568,https://labresta.com.ua/vitryna-kondyterska-juka-vdl-158a/
2089162350,descr_full,strong: UA=0/RU=1,len(UA)=1540 len(RU)=1568,https://labresta.com.ua/vitryna-kondyterska-juka-vdl-158a-nerzhaviiucha-stal/
2091052255,descr_full,p: UA=6/RU=5,len(UA)=1340 len(RU)=1379,https://labresta.com.ua/skrynia-morozylna-juka-juka-m100v/
2091076532,descr_full,li: UA=24/RU=23,len(UA)=1371 len(RU)=1387,https://labresta.com.ua/skrynia-morozylna-juka-m200sf/
2091136244,descr_full,li: UA=24/RU=23,len(UA)=1268 len(RU)=1267,https://labresta.com.ua/skrynia-morozylna-juka-m300sf/
2091287487,descr_full,li: UA=24/RU=23; strong: UA=0/RU=1,len(UA)=1373 len(RU)=1390,https://labresta.com.ua/skrynia-morozylna-juka-m400sf/
2091292490,descr_full,li: UA=23/RU=22,len(UA)=1349 len(RU)=1383,https://labresta.com.ua/skrynia-morozylna-juka-m500sf/
2091295817,descr_full,li: UA=23/RU=22,len(UA)=1371 len(RU)=1390,https://labresta.com.ua/skrynia-morozylna-juka-m600sf/
2092063583,descr_full,p: UA=7/RU=6,len(UA)=1559 len(RU)=1596,https://labresta.com.ua/boneta-morozylna-juka-m800d/
2092726896,descr_full,li: UA=24/RU=23,len(UA)=1414 len(RU)=1402,https://labresta.com.ua/skrynia-morozylna-juka-n200sf/
2092738424,descr_full,p: UA=4/RU=5,len(UA)=1334 len(RU)=1330,https://labresta.com.ua/skrynia-morozylna-juka-n300s/
2092740572,descr_full,li: UA=24/RU=23,len(UA)=1337 len(RU)=1335,https://labresta.com.ua/skrynia-morozylna-juka-n300sf/
2092748821,descr_full,li: UA=24/RU=23; strong: UA=0/RU=1,len(UA)=1414 len(RU)=1430,https://labresta.com.ua/skrynia-morozylna-juka-n400sf/
2092757141,descr_full,li: UA=23/RU=22,len(UA)=1396 len(RU)=1429,https://labresta.com.ua/skrynia-morozylna-juka-n500sf/
2092768245,descr_full,li: UA=23/RU=22,len(UA)=1413 len(RU)=1430,https://labresta.com.ua/skrynia-morozylna-juka-n600sf/
2092802740,descr_full,div: UA=0/RU=1; span: UA=0/RU=1,len(UA)=1985 len(RU)=2008,https://labresta.com.ua/vitryna-kholodylna-juka-adkh125-rehal/
2092817704,descr_full,div: UA=0/RU=1; span: UA=0/RU=1,len(UA)=1977 len(RU)=2007,https://labresta.com.ua/vitryna-kholodylna-juka-adkh150-rehal/
2092826161,descr_full,div: UA=0/RU=1; span: UA=0/RU=1,len(UA)=1949 len(RU)=1981,https://labresta.com.ua/vitryna-kholodylna-juka-adx187-rehal/
2092829999,descr_full,div: UA=0/RU=1; span: UA=0/RU=1,len(UA)=2163 len(RU)=2190,https://labresta.com.ua/vitryna-kholodylna-juka-adx250-rehal/
2092830478,descr_full,div: UA=0/RU=1; span: UA=0/RU=1,len(UA)=2150 len(RU)=2159,https://labresta.com.ua/vitryna-kholodylna-juka-adi125-rehal/
2092830744,descr_full,div: UA=0/RU=1; span: UA=0/RU=1,len(UA)=2135 len(RU)=2159,https://labresta.com.ua/vitryna-kholodylna-juka-adi150-rehal/
1276505592,descr_full,br: UA=1/RU=0; h2: UA=0/RU=1; p: UA=2/RU=1,len(UA)=377 len(RU)=377,https://labresta.com.ua/morozylna-boneta-ubc-zeus-1.85/
1581234354,descr_full,p: UA=1/RU=0,len(UA)=919 len(RU)=932,https://labresta.com.ua/kholodylna-vitryna-tefcold-vk33-150-dlia-topinhu/
1581238956,descr_full,p: UA=1/RU=0,len(UA)=897 len(RU)=908,https://labresta.com.ua/kholodylna-vitryna-tefcold-vk38-180-dlia-topinhu/
1582948462,descr_full,table: UA=0/RU=3; tbody: UA=0/RU=3; td: UA=0/RU=6; tr: UA=0/RU=3,len(UA)=430 len(RU)=433,https://labresta.com.ua/skrynia-morozylna-tefcold-se10-45-do-45s/
2114596575,descr_full,li: UA=69/RU=38,len(UA)=2634 len(RU)=1669,https://labresta.com.ua/boneta-morozylna-tefcold-ssf150/
2117179276,descr_full,p: UA=6/RU=7,len(UA)=1297 len(RU)=1293,https://labresta.com.ua/morozylna-shafa-boneta-tefcold-mtf210-vs-nadstroika/
2118562428,descr_full,p: UA=9/RU=8,len(UA)=1768 len(RU)=1811,https://labresta.com.ua/vitryna-dlia-morozyva-tefcold-millennium-st18/
2118828712,descr_full,div: UA=0/RU=1; span: UA=0/RU=1,len(UA)=1454 len(RU)=1461,https://labresta.com.ua/kholodylna-hirka-tefcold-odc60-rehal/
2118836356,descr_full,div: UA=0/RU=1; span: UA=0/RU=1,len(UA)=1412 len(RU)=1415,https://labresta.com.ua/kholodylna-hirka-tefcold-odc60-black-rehal/
2118842258,descr_full,div: UA=0/RU=1; span: UA=0/RU=1,len(UA)=1386 len(RU)=1390,https://labresta.com.ua/kholodylna-hirka-tefcold-odc90-black-rehal/
2118850268,descr_full,div: UA=0/RU=1; span: UA=0/RU=1,len(UA)=1428 len(RU)=1436,https://labresta.com.ua/kholodylna-hirka-tefcold-odc90-rehal/
2118857483,descr_full,div: UA=0/RU=1; span: UA=0/RU=1,len(UA)=1008 len(RU)=1018,https://labresta.com.ua/kholodylna-hirka-tefcold-md1100x-slim-rehal/
2118864746,descr_full,div: UA=0/RU=1; span: UA=0/RU=1,len(UA)=1533 len(RU)=1544,https://labresta.com.ua/kholodylna-hirka-tefcold-pc1250b-rehal/
2118871887,descr_full,div: UA=0/RU=1; span: UA=0/RU=1,len(UA)=951 len(RU)=963,https://labresta.com.ua/kholodylna-hirka-tefcold-md1002b-rehal/
2119445069,descr_full,br: UA=1/RU=0; div: UA=0/RU=1; p: UA=6/RU=7; span: UA=0/RU=1,len(UA)=1395 len(RU)=1405,https://labresta.com.ua/kholodylna-hirka-tefcold-md1002x-rehal/
2119449988,descr_full,div: UA=0/RU=1; span: UA=0/RU=1,len(UA)=1244 len(RU)=1247,https://labresta.com.ua/kholodylna-hirka-tefcold-noc60cc-rehal/
2119456872,descr_full,div: UA=0/RU=1; span: UA=0/RU=1,len(UA)=1474 len(RU)=1486,https://labresta.com.ua/kholodylna-hirka-tefcold-extra1250cd-rehal/
2119464194,descr_full,div: UA=0/RU=1; span: UA=0/RU=1,len(UA)=1400 len(RU)=1411,https://labresta.com.ua/kholodylna-hirka-tefcold-md1402x-rehal/
2119470330,descr_full,div: UA=0/RU=1; span: UA=0/RU=1,len(UA)=1073 len(RU)=1071,https://labresta.com.ua/kholodylna-hirka-tefcold-mcx90m-rehal/
2119479507,descr_full,br: UA=1/RU=0; div: UA=0/RU=1; p: UA=6/RU=7; span: UA=0/RU=1,len(UA)=1538 len(RU)=1548,https://labresta.com.ua/kholodylna-hirka-tefcold-pc1870b-rehal/
2119540290,descr_full,div: UA=0/RU=1; span: UA=0/RU=1,len(UA)=961 len(RU)=982,https://labresta.com.ua/kholodylna-hirka-tefcold-md1902b-rehal/
2119549736,descr_full,div: UA=0/RU=1; span: UA=0/RU=1,len(UA)=1478 len(RU)=1490,https://labresta.com.ua/kholodylna-hirka-tefcold-extra1450cd-rehal/
2119555132,descr_full,div: UA=0/RU=1; span: UA=0/RU=1,len(UA)=1080 len(RU)=1078,https://labresta.com.ua/kholodylna-hirka-tefcold-mcx130m-rehal/
2119562366,descr_full,div: UA=0/RU=1; span: UA=0/RU=1,len(UA)=1404 len(RU)=1414,https://labresta.com.ua/kholodylna-hirka-tefcold-md1902x-rehal/
2119563960,descr_full,div: UA=0/RU=1; span: UA=0/RU=1,len(UA)=1541 len(RU)=1551,https://labresta.com.ua/kholodylna-hirka-tefcold-pc2500b-rehal/
2119566232,descr_full,div: UA=0/RU=1; span: UA=0/RU=1,len(UA)=1482 len(RU)=1493,https://labresta.com.ua/kholodylna-hirka-tefcold-extra1875cd-rehal/
2119569137,descr_full,div: UA=0/RU=1; span: UA=0/RU=1,len(UA)=1482 len(RU)=1493,https://labresta.com.ua/kholodylna-hirka-tefcold-extra2500cd-rehal/
2119571791,descr_full,div: UA=0/RU=1; span: UA=0/RU=1,len(UA)=1329 len(RU)=1346,https://labresta.com.ua/morozylna-hirka-tefcold-extra1250fd-rehal/
2180163592,descr_full,div: UA=0/RU=1; span: UA=0/RU=1,len(UA)=1130 len(RU)=1132,https://labresta.com.ua/vitryna-kholodylna-tefcold-vk33-140/
2190260660,descr_full,div: UA=0/RU=1; span: UA=0/RU=1,len(UA)=448 len(RU)=455,https://labresta.com.ua/vitryna-kholodylna-goodfood-rtw120l5/
2190261934,descr_full,div: UA=0/RU=1; span: UA=0/RU=1,len(UA)=527 len(RU)=550,https://labresta.com.ua/vitryna-kholodylna-goodfood-rtw160l5/
2209976392,descr_full,strong: UA=1/RU=0,len(UA)=658 len(RU)=692,https://labresta.com.ua/vitryna-kholodylna-goodfood-rtw235l/
2209993921,descr_full,strong: UA=1/RU=0,len(UA)=597 len(RU)=639,https://labresta.com.ua/vitryna-kholodylna-goodfood-rtw295l5/
2108352930,descr_full,div: UA=0/RU=1; span: UA=0/RU=1,len(UA)=743 len(RU)=771,https://labresta.com.ua/vitryna-kholodylna-goodfood-rt400l/
2108358408,descr_full,div: UA=0/RU=1; span: UA=0/RU=1,len(UA)=795 len(RU)=833,https://labresta.com.ua/vitryna-kholodylna-goodfood-rtw100l3-premium/
2108362666,descr_full,div: UA=0/RU=1; span: UA=0/RU=1,len(UA)=539 len(RU)=557,https://labresta.com.ua/vitryna-kholodylna-goodfood-rtw129c/
2108385851,descr_full,div: UA=0/RU=1; span: UA=0/RU=1,len(UA)=635 len(RU)=649,https://labresta.com.ua/vitryna-kholodylna-goodfood-rt215l3/
2108391967,descr_full,div: UA=0/RU=1; span: UA=0/RU=1,len(UA)=635 len(RU)=649,https://labresta.com.ua/vitryna-kholodylna-goodfood-rt235l3/
2108397543,descr_full,div: UA=0/RU=1; span: UA=0/RU=1,len(UA)=604 len(RU)=615,https://labresta.com.ua/vitryna-kholodylna-goodfood-rt280l3/
2209988671,descr_full,strong: UA=1/RU=0,len(UA)=608 len(RU)=657,https://labresta.com.ua/vitryna-kholodylna-goodfood-rtw235l5/
2210081683,descr_full,p: UA=3/RU=2,len(UA)=671 len(RU)=626,https://labresta.com.ua/vitryna-kholodylna-goodfood-rt118l-chorna/
449245430,descr_full,br: UA=2/RU=1,len(UA)=351 len(RU)=320,https://labresta.com.ua/tistomis-bogazici-bhy-10/
467979824,descr_full,h2: UA=1/RU=0; h3: UA=0/RU=1; li: UA=7/RU=8,len(UA)=229 len(RU)=246,https://labresta.com.ua/tistomis-alimacchine-sm30vet2v/
467979831,descr_full,h2: UA=0/RU=1; p: UA=2/RU=1,len(UA)=213 len(RU)=240,https://labresta.com.ua/tistomis-alimacchine-sm70ft2v/
901185451,descr_full,br: UA=2/RU=1; em: UA=0/RU=1,len(UA)=355 len(RU)=302,https://labresta.com.ua/tistomis-bogazici-bhy-5/
2045886345,descr_full,p: UA=1/RU=0,len(UA)=604 len(RU)=605,https://labresta.com.ua/tistomis-goodfood-sm50t2v/
2045891880,descr_full,p: UA=1/RU=0,len(UA)=604 len(RU)=605,https://labresta.com.ua/tistomis-goodfood-sm50t2v380/
2331801130,descr_full,strong: UA=1/RU=0,len(UA)=438 len(RU)=438,https://labresta.com.ua/tistomis-ggf-l-22-220v/
2045875804,descr_full,p: UA=1/RU=0,len(UA)=604 len(RU)=605,https://labresta.com.ua/tistomis-goodfood-sm40t2v380/
617666946,descr_full,h2: UA=0/RU=1,len(UA)=287 len(RU)=285,https://labresta.com.ua/tistorozkatka-frosty-rm42ta/
2789652204,descr_full,p: UA=0/RU=1,len(UA)=521 len(RU)=533,https://labresta.com.ua/tistorozkatka-lokshynorizka-hurakan-hkn-nm200w/
2353634309,descr_full,p: UA=4/RU=5; strong: UA=0/RU=1,len(UA)=542 len(RU)=583,https://labresta.com.ua/miasorubka-frosty-fm-12s/
2075149856,descr_full,p: UA=2/RU=3,len(UA)=236 len(RU)=251,https://labresta.com.ua/miasorubka-efes-m-300/
2298524751,descr_full,li: UA=9/RU=10,len(UA)=271 len(RU)=276,https://labresta.com.ua/nizh-zmishuvach-frosty-bld160/
1768928883,descr_full,li: UA=7/RU=8,len(UA)=493 len(RU)=509,https://labresta.com.ua/mikser-zahlybnyi-dynamic-dynamix-dmx-300-mx006/
1769271756,descr_full,p: UA=3/RU=4,len(UA)=741 len(RU)=694,https://labresta.com.ua/mikser-zanuriuvalnyi-dynamic-dynamix-junior-combi-225-mx022/
2204101849,descr_full,strong: UA=2/RU=0,len(UA)=1400 len(RU)=1431,https://labresta.com.ua/mikser-pohruzhnyi-sirman-ciclone-20-vt/
1895007850,descr_full,li: UA=16/RU=14,len(UA)=689 len(RU)=666,https://labresta.com.ua/mikser-planetarnyi-gastromix-b-40c-380v/
459821391,descr_full,li: UA=10/RU=11; p: UA=8/RU=7,len(UA)=1133 len(RU)=1144,https://labresta.com.ua/mikser-planetarnyi-frosty-b10-b/
459821448,descr_full,li: UA=14/RU=13; p: UA=5/RU=6,len(UA)=1358 len(RU)=1384,https://labresta.com.ua/mikser-planetarnyi-bear-varimixer-teddy/
2091511894,descr_full,p: UA=4/RU=6,len(UA)=1096 len(RU)=1134,https://labresta.com.ua/ovocherizka-robot-coupe-cl50-380-v-blok-dvyhuna-polikarbonat/
1808417618,descr_full,br: UA=1/RU=0,len(UA)=896 len(RU)=913,https://labresta.com.ua/slaiser-beckers-es-250-skyborizka/
1808421072,descr_full,br: UA=1/RU=0,len(UA)=898 len(RU)=914,https://labresta.com.ua/slaiser-beckers-es-275-skyborizka/
2332229219,descr_full,strong: UA=1/RU=0,len(UA)=667 len(RU)=674,https://labresta.com.ua/slaiser-dadaux-major-slice-350/
2332232634,descr_full,strong: UA=1/RU=0,len(UA)=526 len(RU)=540,https://labresta.com.ua/slaiser-dlia-syru-dadaux-comtoise/
2332235760,descr_full,strong: UA=1/RU=0,len(UA)=612 len(RU)=624,https://labresta.com.ua/slaiser-dadaux-gravinox-350/
2333569272,descr_full,strong: UA=1/RU=0,len(UA)=667 len(RU)=675,https://labresta.com.ua/slaiser-dadaux-major-slice-300/
2333571139,descr_full,strong: UA=1/RU=0,len(UA)=739 len(RU)=750,https://labresta.com.ua/slaiser-dadaux-major-slice-300-semi-auto/
2333574796,descr_full,strong: UA=1/RU=0,len(UA)=665 len(RU)=670,https://labresta.com.ua/slaiser-dadaux-major-slice-300-vertical/
2333576900,descr_full,strong: UA=1/RU=0,len(UA)=718 len(RU)=730,https://labresta.com.ua/slaiser-dadaux-major-slice-350-semi-auto/
2333579428,descr_full,strong: UA=1/RU=0,len(UA)=665 len(RU)=670,https://labresta.com.ua/slaiser-dadaux-major-slice-350-vertical/
2333580820,descr_full,strong: UA=1/RU=0,len(UA)=575 len(RU)=589,https://labresta.com.ua/slaiser-dlia-syru-dadaux-mini-comtoise/
2394148200,descr_full,br: UA=1/RU=0,len(UA)=865 len(RU)=885,https://labresta.com.ua/slaiser-sirman-palladio-350-automatica/
2043327680,descr_full,font: UA=9/RU=0,len(UA)=538 len(RU)=546,https://labresta.com.ua/farshemishalka-tistomis-frosty-fln-2/
2043331127,descr_full,font: UA=8/RU=0,len(UA)=657 len(RU)=652,https://labresta.com.ua/farshemishalka-tistomis-frosty-ho-25b/
2332213465,descr_full,font: UA=4/RU=2,len(UA)=758 len(RU)=776,https://labresta.com.ua/farshemis-dadaux-pmx-60-cm/
1127979503,descr_full,b: UA=0/RU=2; strong: UA=2/RU=0,len(UA)=1159 len(RU)=1210,https://labresta.com.ua/farshemis-sirman-ip-120-xp-ba/
1127986209,descr_full,b: UA=0/RU=2; strong: UA=2/RU=0,len(UA)=1159 len(RU)=1210,https://labresta.com.ua/farshomis-sirman-ip-180-xp-ba/
2053044941,descr_full,strong: UA=2/RU=1,len(UA)=677 len(RU)=705,https://labresta.com.ua/farshemis-sirman-ip-30-m-380-v/
627375875,descr_full,br: UA=1/RU=0,len(UA)=553 len(RU)=574,https://labresta.com.ua/kavomashyna-nuova-simonelli-appia-life-1gr-s-1-hrupa/
627378718,descr_full,iframe: UA=0/RU=1; p: UA=1/RU=3,len(UA)=336 len(RU)=353,https://labresta.com.ua/kavomashyna-nuova-simonelli-appia-ii-v-1gr-1-hrupa/
2054782963,descr_full,br: UA=1/RU=0; p: UA=0/RU=2,len(UA)=538 len(RU)=555,https://labresta.com.ua/kavomashyna-bezzera-b2016-de-white/
2054783996,descr_full,br: UA=1/RU=0,len(UA)=543 len(RU)=554,https://labresta.com.ua/kavomashyna-bezzera-b2016-pm-white/
2099689323,descr_full,p: UA=4/RU=5,len(UA)=1187 len(RU)=1190,https://labresta.com.ua/kavomashyna-victoria-arduino-black-eagle-maverick-volumetric-2gr/
2101838139,descr_full,li: UA=17/RU=16,len(UA)=823 len(RU)=818,https://labresta.com.ua/kavomashyna-nuova-simonelli-musica-standart-ad/
2213082715,descr_full,p: UA=2/RU=1,len(UA)=506 len(RU)=442,https://labresta.com.ua/pres-ruchnyi-dlia-hranativ-cancan-0103/
1399573351,descr_full,h2: UA=1/RU=0; p: UA=0/RU=1,len(UA)=379 len(RU)=384,https://labresta.com.ua/mikser-molochnyi-goodfood-mfd44-obiem-10-l/
2643094350,descr_full,p: UA=1/RU=0,len(UA)=315 len(RU)=300,https://labresta.com.ua/blender-hamilton-beach-hbb255ce-utsinka/
1543027288,descr_full,h2: UA=1/RU=0; p: UA=1/RU=2,len(UA)=819 len(RU)=866,https://labresta.com.ua/hryl-kontaktnyi-sirman-pd-lr-lr-dvupostovyi/
2237464195,descr_full,strong: UA=1/RU=0,len(UA)=927 len(RU)=949,https://labresta.com.ua/hryl-kontaktnyi-silver-ss-16/
2237472063,descr_full,strong: UA=1/RU=0,len(UA)=927 len(RU)=949,https://labresta.com.ua/hryl-kontaktnyi-silver-ss-20/
2313011129,descr_full,li: UA=5/RU=4,len(UA)=332 len(RU)=301,https://labresta.com.ua/hryl-kontaktnyi-hazovyi-mars-mts-20g/
2331737254,descr_full,strong: UA=1/RU=0,len(UA)=847 len(RU)=896,https://labresta.com.ua/hryl-kontaktnyi-elektrychnyi-saro-pg-2/
1577135536,descr_full,b: UA=0/RU=1,len(UA)=757 len(RU)=805,https://labresta.com.ua/hryl-kontaktnyi-sirman-cort-lr-odnopostovoi/
2239380745,descr_full,strong: UA=1/RU=0,len(UA)=727 len(RU)=738,https://labresta.com.ua/aparat-dlia-pidihrivu-hotovykh-strav-goodfood-bm2/
2239386120,descr_full,strong: UA=1/RU=0,len(UA)=822 len(RU)=853,https://labresta.com.ua/aparat-dlia-pidihrivu-hotovykh-strav-goodfood-bm6g/
2239390757,descr_full,strong: UA=1/RU=0,len(UA)=594 len(RU)=618,https://labresta.com.ua/aparat-dlia-pidihrivu-hotovykh-strav-goodfood-fw4/
2331843799,descr_full,strong: UA=1/RU=0,len(UA)=679 len(RU)=680,https://labresta.com.ua/marmit-saro-bmh-210/
2567629973,descr_full,p: UA=3/RU=2,len(UA)=615 len(RU)=473,https://labresta.com.ua/teplova-poverkhnia-sirman-buffet-plate-1-1/
2123542091,descr_full,br: UA=0/RU=1; p: UA=3/RU=2,len(UA)=1007 len(RU)=1022,https://labresta.com.ua/termos-hendi-707487-dlia-transportuvannia-yizhi-15-l/
2123546166,descr_full,br: UA=0/RU=1,len(UA)=988 len(RU)=1022,https://labresta.com.ua/termos-hendi-707517-dlia-transportuvannia-yizhi-36-l/
2060619856,descr_full,h4: UA=0/RU=2; p: UA=2/RU=0,len(UA)=454 len(RU)=443,https://labresta.com.ua/kypiatylnyk-hurakan-hkn-hvn10/
477195628,descr_full,li: UA=12/RU=13,len(UA)=408 len(RU)=445,https://labresta.com.ua/kypiatylnyk-elektrychnyi-20.7-l-goodfood-wb15a/
477205346,descr_full,li: UA=14/RU=11,len(UA)=461 len(RU)=398,https://labresta.com.ua/kypiatylnyk-elektrychnyi-20.7-l-goodfood-wb20a/
2060623567,descr_full,h4: UA=0/RU=2; p: UA=2/RU=0,len(UA)=476 len(RU)=465,https://labresta.com.ua/kypiatylnyk-hurakan-hkn-hvn20/
2188566582,descr_full,h4: UA=0/RU=2; p: UA=2/RU=0,len(UA)=665 len(RU)=650,https://labresta.com.ua/kypiatylnyk-goodfood-wb08-red/
2190227669,descr_full,h4: UA=0/RU=2; p: UA=2/RU=0,len(UA)=667 len(RU)=652,https://labresta.com.ua/kypiatylnyk-goodfood-wb08-black/
2190229516,descr_full,h4: UA=0/RU=2; p: UA=2/RU=0,len(UA)=635 len(RU)=625,https://labresta.com.ua/kypiatylnyk-goodfood-wb30s/
2190231269,descr_full,h4: UA=0/RU=2; p: UA=2/RU=0,len(UA)=640 len(RU)=631,https://labresta.com.ua/kypiatylnyk-goodfood-wb20s/
2190243226,descr_full,h4: UA=0/RU=2; p: UA=2/RU=0,len(UA)=604 len(RU)=597,https://labresta.com.ua/kypiatylnyk-goodfood-wb06dw/
2190246661,descr_full,h4: UA=0/RU=2; p: UA=2/RU=0,len(UA)=600 len(RU)=593,https://labresta.com.ua/kypiatylnyk-goodfood-wb08dw/
2190251426,descr_full,h4: UA=0/RU=2; p: UA=2/RU=0,len(UA)=601 len(RU)=594,https://labresta.com.ua/kypiatylnyk-goodfood-wb10dw/
2190252953,descr_full,h4: UA=0/RU=2; p: UA=2/RU=0,len(UA)=594 len(RU)=587,https://labresta.com.ua/kypiatylnyk-goodfood-wb14dw/
2190254605,descr_full,h4: UA=0/RU=2; p: UA=2/RU=0,len(UA)=600 len(RU)=605,https://labresta.com.ua/kypiatylnyk-goodfood-wb16dw/
2190257391,descr_full,h4: UA=0/RU=2; p: UA=2/RU=0,len(UA)=602 len(RU)=595,https://labresta.com.ua/kypiatylnyk-goodfood-wb25dw/
2190258780,descr_full,h4: UA=0/RU=2; p: UA=2/RU=0,len(UA)=606 len(RU)=597,https://labresta.com.ua/kypiatylnyk-goodfood-wb30dw/
2237486527,descr_full,strong: UA=1/RU=0,len(UA)=530 len(RU)=534,https://labresta.com.ua/elektrokypiatylnyk-silver-2039/
2237495630,descr_full,strong: UA=1/RU=0,len(UA)=501 len(RU)=504,https://labresta.com.ua/elektrokypiatylnyk-silver-2040/
2237497792,descr_full,strong: UA=1/RU=0,len(UA)=501 len(RU)=504,https://labresta.com.ua/elektrokypiatylnyk-silver-2041/
2237499169,descr_full,strong: UA=1/RU=0,len(UA)=501 len(RU)=504,https://labresta.com.ua/elektrokypiatylnyk-silver-2042/
2331864089,descr_full,strong: UA=1/RU=0,len(UA)=568 len(RU)=589,https://labresta.com.ua/termos-saro-isod-12/
2331875380,descr_full,strong: UA=1/RU=0,len(UA)=403 len(RU)=410,https://labresta.com.ua/termos-saro-317-2076-metaleva-kolba/
2074393472,descr_full,h4: UA=0/RU=1,len(UA)=756 len(RU)=886,https://labresta.com.ua/kypiatylnyk-efes-kne-25/
2110644149,descr_full,h4: UA=0/RU=2; p: UA=2/RU=0,len(UA)=656 len(RU)=651,https://labresta.com.ua/kypiatylnyk-goodfood-wb20hot/
2041812422,descr_full,p: UA=4/RU=3,len(UA)=336 len(RU)=342,https://labresta.com.ua/vafelnytsia-frosty-ld-117/
1399602189,descr_full,h2: UA=1/RU=0; p: UA=0/RU=1,len(UA)=304 len(RU)=303,https://labresta.com.ua/mlynnytsia-elektrychna-goodfood-cm20r/
2043293826,descr_full,li: UA=8/RU=10; p: UA=4/RU=5; ul: UA=3/RU=2,len(UA)=473 len(RU)=558,https://labresta.com.ua/toster-frosty-at360t-horyzontalnyi/
1889450319,descr_full,p: UA=3/RU=1,len(UA)=642 len(RU)=254,https://labresta.com.ua/toster-sirman-4q-horyzontalnyi/2543/
2538748710,descr_full,strong: UA=1/RU=0,len(UA)=541 len(RU)=553,https://labresta.com.ua/toster-saro-aris-4/
2043309201,descr_full,li: UA=9/RU=10; p: UA=6/RU=5; ul: UA=2/RU=3,len(UA)=948 len(RU)=946,https://labresta.com.ua/toster-konveiernyi-frosty-tt-300/
1157922214,descr_full,br: UA=4/RU=1; p: UA=2/RU=6; strong: UA=3/RU=2; ul: UA=1/RU=2,len(UA)=1320 len(RU)=1337,https://labresta.com.ua/posudomyina-kotlomyina-mashyna-silanos-vs-p57-62n-d/
1312875812,descr_full,h2: UA=0/RU=1; p: UA=2/RU=0,len(UA)=390 len(RU)=410,https://labresta.com.ua/koshyk-dlia-stolovykh-pryboriv-empero-emp.kc.01/
1500266298,descr_full,li: UA=13/RU=14,len(UA)=474 len(RU)=531,https://labresta.com.ua/posudomyina-mashyna-krupps-c432-frontalna/
1519648525,descr_full,h2: UA=0/RU=1; p: UA=1/RU=2,len(UA)=520 len(RU)=815,https://labresta.com.ua/posudomyina-kotlomyina-mashyna-apach-ak-901/
2033010783,descr_full,li: UA=24/RU=23,len(UA)=1214 len(RU)=1149,https://labresta.com.ua/kupolna-posudomyina-mashyna-ozti-obm-1080t-pdt-pompa-zlyvu/
2289323710,descr_full,strong: UA=3/RU=1,len(UA)=1067 len(RU)=1105,https://labresta.com.ua/posudomyina-mashyna-silanos-s021-ps-pd-rv-digit-stakanomyika/
2565641321,descr_full,li: UA=12/RU=13,len(UA)=408 len(RU)=449,https://labresta.com.ua/posudomyina-mashyna-krupps-c537tdgt-advance-z-vbudovanym-nanosom-dp45k/
1576147000,descr_full,strong: UA=0/RU=1,len(UA)=491 len(RU)=499,https://labresta.com.ua/posudomyina-mashyna-ozti-oby-50d-pdt-z-pompoiu-zlyvu-vody/
2389309688,descr_full,br: UA=2/RU=0; p: UA=6/RU=7,len(UA)=1723 len(RU)=1832,https://labresta.com.ua/posudomyina-kotlomyina-mashyna-ata-alp-01s/
1813450895,descr_full,li: UA=22/RU=19,len(UA)=1146 len(RU)=999,https://labresta.com.ua/kupolna-posudomyina-mashyna-ozti-obm-1080d-pdrt-pompa-zlyvu/
1943696404,descr_full,li: UA=22/RU=19,len(UA)=1121 len(RU)=973,https://labresta.com.ua/kupolna-posudomyina-mashyna-ozti-obm-1080d-pdt-pompa-zlyvu/
2045404308,descr_full,p: UA=1/RU=0,len(UA)=938 len(RU)=948,https://labresta.com.ua/posudomyina-mashyna-empero-emp.2000-sag-r/
2045406113,descr_full,p: UA=1/RU=0,len(UA)=940 len(RU)=952,https://labresta.com.ua/posudomyina-mashyna-empero-emp.3000-sag-r/
1548982581,descr_full,br: UA=1/RU=0; p: UA=1/RU=2,len(UA)=430 len(RU)=416,https://labresta.com.ua/vakuumnyi-pakuvalnyk-frosty-c18-kamernyi/
1930950687,descr_full,br: UA=2/RU=1,len(UA)=146 len(RU)=83,https://labresta.com.ua/konteiner-dlia-tista-14-l-hendi-880906-600x400khh70-mm/
1060747430,descr_full,p: UA=3/RU=4,len(UA)=476 len(RU)=475,https://labresta.com.ua/khanhyry-39-sm-yaponiia/
1064434079,descr_full,strong: UA=4/RU=2,len(UA)=824 len(RU)=844,https://labresta.com.ua/pralna-mashyna-whirlpool-mhn33pncgw-12-kh/
1504093919,descr_full,h2: UA=0/RU=1; li: UA=8/RU=10; p: UA=11/RU=1; strong: UA=6/RU=0,len(UA)=1016 len(RU)=952,https://labresta.com.ua/sushylna-mashyna-whirlpool-awz8hps-pro-teplova-pompa/
1854901800,descr_full,br: UA=4/RU=0; em: UA=5/RU=2; h2: UA=0/RU=1; strong: UA=8/RU=3,len(UA)=1325 len(RU)=668,https://labresta.com.ua/pralna-mashyna-whirlpool-awh-912-s-pro-9-kh/
654787944,descr_full,li: UA=10/RU=11; strong: UA=0/RU=1,len(UA)=843 len(RU)=867,https://labresta.com.ua/pralna-mashyna-whirlpool-awg-914-s-d1-9-kh/
654789073,descr_full,br: UA=13/RU=8; h2: UA=0/RU=1; li: UA=0/RU=6; p: UA=6/RU=5; ul: UA=0/RU=1,len(UA)=1209 len(RU)=1217,https://labresta.com.ua/pralna-mashyna-whirlpool-awg-1114-s-d-11-kh/
811792891,descr_full,div: UA=2/RU=1; li: UA=19/RU=18; p: UA=2/RU=4; span: UA=2/RU=1,len(UA)=1330 len(RU)=1352,https://labresta.com.ua/pralna-mashyna-lg-fh069fd3ms-13-kh/
812405743,descr_full,img: UA=0/RU=4; p: UA=2/RU=4,len(UA)=1417 len(RU)=1447,https://labresta.com.ua/pralna-mashyna-lg-fh0c7fd3ms-18-kh/
1720167850,descr_full,br: UA=1/RU=0; li: UA=12/RU=10,len(UA)=787 len(RU)=752,https://labresta.com.ua/sushylna-mashyna-lg-rv1840cd4-17-kh/
1778406232,descr_full,p: UA=14/RU=15; table: UA=0/RU=1; tbody: UA=0/RU=1; td: UA=0/RU=1; tr: UA=0/RU=1,len(UA)=2218 len(RU)=2260,https://labresta.com.ua/pralna-mashyna-kenle-f52/
1933409454,descr_full,u: UA=4/RU=0,len(UA)=1970 len(RU)=1991,https://labresta.com.ua/prasuvalna-mashyna-grandimpianti-gi-1418-e-vt/
2614150015,descr_full,img: UA=1/RU=0; li: UA=13/RU=22; table: UA=0/RU=1; tbody: UA=0/RU=1; td: UA=0/RU=1; tr: UA=0/RU=1,len(UA)=537 len(RU)=803,https://labresta.com.ua/pralna-mashyna-kenle-f22/
2074443542,descr_full,style: UA=0/RU=1,len(UA)=642 len(RU)=699,https://labresta.com.ua/shafa-rozstoiuvalna-efes-shr-6-k-gn1-1/
2074456332,descr_full,style: UA=0/RU=2,len(UA)=610 len(RU)=662,https://labresta.com.ua/shafa-rozstoiuvalna-efes-shr-8-gn-1-1/
2074464789,descr_full,style: UA=0/RU=3,len(UA)=610 len(RU)=662,https://labresta.com.ua/shafa-rozstoiuvalna-efes-shr-8-gn-2-1/
2074466194,descr_full,div: UA=0/RU=1; span: UA=0/RU=1,len(UA)=661 len(RU)=711,https://labresta.com.ua/shafa-rozstoiuvalna-efes-shr-8-k/
2074978399,descr_full,div: UA=0/RU=2; span: UA=0/RU=2,len(UA)=659 len(RU)=709,https://labresta.com.ua/shafa-rozstoiuvalna-efes-shr-10-gn-1-1/
2074980543,descr_full,div: UA=0/RU=3; span: UA=0/RU=3,len(UA)=659 len(RU)=709,https://labresta.com.ua/shafa-rozstoiuvalna-efes-shr-10-gn-2-1/
2074981566,descr_full,div: UA=0/RU=3; span: UA=0/RU=3,len(UA)=662 len(RU)=712,https://labresta.com.ua/shafa-rozstoiuvalna-efes-shr-10-k/
497701715,descr_full,style: UA=0/RU=1,len(UA)=387 len(RU)=408,https://labresta.com.ua/shafa-pekarska-efes-shpe-2/
2074263290,descr_full,li: UA=11/RU=12; style: UA=0/RU=1,len(UA)=475 len(RU)=490,https://labresta.com.ua/shafa-pekarska-efes-shpe-4/4769/
2074266783,descr_full,style: UA=0/RU=2,len(UA)=438 len(RU)=436,https://labresta.com.ua/shafa-zharochna-efes-shzhe-1-gn2-1/
2074276047,descr_full,style: UA=0/RU=4,len(UA)=396 len(RU)=389,https://labresta.com.ua/shafa-zharochna-efes-shzhe-2-gn1-1/
2074284298,descr_full,style: UA=2/RU=5,len(UA)=397 len(RU)=389,https://labresta.com.ua/shafa-zharochna-efes-shzhe-2-gn2-1/
2074290168,descr_full,style: UA=2/RU=7,len(UA)=398 len(RU)=391,https://labresta.com.ua/shafa-zharochna-efes-shzhe-3-gn1-1/
2074302923,descr_full,style: UA=2/RU=10,len(UA)=399 len(RU)=392,https://labresta.com.ua/shafa-zharochna-efes-shzhe-3-gn2-1/
633876362,descr_full,p: UA=6/RU=5,len(UA)=1492 len(RU)=1510,https://labresta.com.ua/shafa-shokovoho-zamorozhuvannia-fagor-advance-ata-101/
2396384076,descr_full,li: UA=49/RU=50; p: UA=14/RU=13; ul: UA=13/RU=12,len(UA)=1728 len(RU)=1757,https://labresta.com.ua/kholodylnyi-stil-saladetta-ggm-gastro-sag147and/
2396386259,descr_full,li: UA=57/RU=56; p: UA=13/RU=14; ul: UA=12/RU=13,len(UA)=2075 len(RU)=2095,https://labresta.com.ua/kholodylnyi-stil-saladetta-ggm-gastro-zbg158nd/
2396395264,descr_full,li: UA=54/RU=55; p: UA=16/RU=15; ul: UA=15/RU=14,len(UA)=2085 len(RU)=2094,https://labresta.com.ua/kholodylnyi-stil-saladetta-ggm-gastro-zbg157nd/
2396398752,descr_full,li: UA=54/RU=53; p: UA=15/RU=16; ul: UA=14/RU=15,len(UA)=2047 len(RU)=2060,https://labresta.com.ua/kholodylnyi-stil-saladetta-ggm-gastro-zbg207nd/
2396400259,descr_full,li: UA=54/RU=55; p: UA=16/RU=15; ul: UA=15/RU=14,len(UA)=2092 len(RU)=2111,https://labresta.com.ua/kholodylnyi-stil-saladetta-ggm-gastro-zbg208nd/
2661830503,descr_full,li: UA=17/RU=19,len(UA)=828 len(RU)=897,https://labresta.com.ua/kholodylnyi-stil-saladetta-ggm-gastro-zbg157n4d/
2239449208,descr_full,font: UA=4/RU=0,len(UA)=628 len(RU)=648,https://labresta.com.ua/shafa-kholodylna-dlia-napoiv-goodfood-bc360nbb2led/
983017191,descr_full,li: UA=17/RU=18; p: UA=2/RU=4,len(UA)=551 len(RU)=586,https://labresta.com.ua/shafa-kholodylna-tefcold-ur400w1/
1156089161,descr_full,h2: UA=1/RU=0; li: UA=29/RU=32; p: UA=2/RU=3,len(UA)=1026 len(RU)=1124,https://labresta.com.ua/shafa-kholodylna-tefcold-cev425-1-led/
1880359754,descr_full,li: UA=22/RU=24,len(UA)=762 len(RU)=815,https://labresta.com.ua/shafa-kholodylna-tefcold-cev425-black-led/
2239402739,descr_full,font: UA=4/RU=0,len(UA)=628 len(RU)=648,https://labresta.com.ua/shafa-kholodylna-dlia-napoiv-goodfood-bc160nbb2led/
2239435289,descr_full,font: UA=4/RU=0,len(UA)=624 len(RU)=643,https://labresta.com.ua/shafa-kholodylna-dlia-napoiv-goodfood-bc160bb2led/
2239444347,descr_full,font: UA=4/RU=0,len(UA)=627 len(RU)=647,https://labresta.com.ua/shafa-kholodylna-dlia-napoiv-goodfood-bc360nbw2led/
2239446151,descr_full,font: UA=4/RU=0,len(UA)=622 len(RU)=643,https://labresta.com.ua/shafa-kholodylna-dlia-napoiv-goodfood-bc360bw2led/
2239454792,descr_full,font: UA=4/RU=0,len(UA)=624 len(RU)=643,https://labresta.com.ua/shafa-kholodylna-dlia-napoiv-goodfood-bc360bb2led/
2239464437,descr_full,font: UA=4/RU=0,len(UA)=627 len(RU)=647,https://labresta.com.ua/shafa-kholodylna-dlia-napoiv-goodfood-bc480nbw2led/
2239469725,descr_full,font: UA=4/RU=0,len(UA)=622 len(RU)=643,https://labresta.com.ua/shafa-kholodylna-dlia-napoiv-goodfood-bc480bw2led/
2239472491,descr_full,font: UA=4/RU=0,len(UA)=628 len(RU)=648,https://labresta.com.ua/shafa-kholodylna-dlia-napoiv-goodfood-bc480nbb2led/
2239477693,descr_full,font: UA=4/RU=0,len(UA)=623 len(RU)=644,https://labresta.com.ua/shafa-kholodylna-dlia-napoiv-goodfood-bc480bb2led/
2284489499,descr_full,strong: UA=2/RU=0,len(UA)=975 len(RU)=1002,https://labresta.com.ua/shafa-kholodylna-brillis-bn9-led-r290-ef-inv-enerhozberihaiucha/
2284520356,descr_full,strong: UA=4/RU=3,len(UA)=885 len(RU)=914,https://labresta.com.ua/shafa-kholodylna-brillis-bn18-led-r290-ef-inv-z-invertornoiu-tekhnolohiieiu/
2376961665,descr_full,br: UA=1/RU=0; h4: UA=0/RU=1; span: UA=0/RU=6,len(UA)=2110 len(RU)=2180,https://labresta.com.ua/shafa-kholodylna-ubc-s-line/
2379500515,descr_full,br: UA=1/RU=0; p: UA=6/RU=7; span: UA=0/RU=5; strong: UA=0/RU=1,len(UA)=1484 len(RU)=1544,https://labresta.com.ua/shafa-kholodylna-ubc-smart-cool/
2379507918,descr_full,p: UA=8/RU=10; span: UA=0/RU=8; strong: UA=2/RU=1,len(UA)=2068 len(RU)=2110,https://labresta.com.ua/shafa-kholodylna-ubc-medium/
2379528652,descr_full,p: UA=6/RU=9; span: UA=0/RU=4,len(UA)=1572 len(RU)=1617,https://labresta.com.ua/shafa-kholodylna-ubc-energy/
2380244663,descr_full,p: UA=5/RU=9; span: UA=0/RU=8,len(UA)=1768 len(RU)=1803,https://labresta.com.ua/shafa-kholodylna-ubc-energy-ad-st-nerzhaviika/
2380589534,descr_full,h4: UA=1/RU=0; p: UA=4/RU=5,len(UA)=988 len(RU)=1030,https://labresta.com.ua/shafa-kholodylna-ubc-large/
2380598264,descr_full,font: UA=0/RU=2; span: UA=0/RU=9,len(UA)=2390 len(RU)=2436,https://labresta.com.ua/shafa-kholodylna-ubc-active-large-full-door/
2380639333,descr_full,h4: UA=1/RU=0; p: UA=4/RU=5,len(UA)=1466 len(RU)=1527,https://labresta.com.ua/shafa-kholodylna-ubc-super-large/
2380647543,descr_full,h4: UA=1/RU=0; p: UA=4/RU=5,len(UA)=1463 len(RU)=1527,https://labresta.com.ua/shafa-kholodylna-ubc-super-large/4161/
2380655044,descr_full,h4: UA=1/RU=0; p: UA=9/RU=10,len(UA)=1740 len(RU)=1777,https://labresta.com.ua/shafa-kholodylna-ubc-extra-large/
1775843181,descr_full,p: UA=1/RU=3,len(UA)=636 len(RU)=643,https://labresta.com.ua/shafa-kholodylna-tefcold-ur400sg-neirzh/
2215585521,descr_full,p: UA=3/RU=2,len(UA)=1376 len(RU)=1345,https://labresta.com.ua/shafa-kholodylna-ubc-large-1200-l/
2379537724,descr_full,p: UA=5/RU=9; span: UA=0/RU=8,len(UA)=1768 len(RU)=1803,https://labresta.com.ua/shafa-kholodylna-ubc-energy-ad/
2379520133,descr_full,h4: UA=1/RU=0; p: UA=2/RU=5; span: UA=0/RU=3,len(UA)=1119 len(RU)=1156,https://labresta.com.ua/shafa-kholodylna-ubc-dynamic-plus/
2239432973,descr_full,font: UA=4/RU=0,len(UA)=623 len(RU)=642,https://labresta.com.ua/shafa-kholodylna-dlia-napoiv-goodfood-bc160bw2led/
2239439273,descr_full,font: UA=4/RU=0,len(UA)=624 len(RU)=686,https://labresta.com.ua/shafa-kholodylna-dlia-napoiv-goodfood-bc160bw2ledcol/
2239461449,descr_full,font: UA=4/RU=0,len(UA)=624 len(RU)=686,https://labresta.com.ua/shafa-kholodylna-dlia-napoiv-goodfood-bc360bw2ledcol/
2239481157,descr_full,font: UA=4/RU=0,len(UA)=624 len(RU)=686,https://labresta.com.ua/shafa-kholodylna-dlia-napoiv-goodfood-bc480bw2ledcol/
1499588290,descr_full,p: UA=2/RU=0,len(UA)=759 len(RU)=767,https://labresta.com.ua/kholodylnyi-stil-na-4-yashchyky-1400kh600-mm-tehma/
1499593560,descr_full,p: UA=1/RU=0,len(UA)=708 len(RU)=717,https://labresta.com.ua/kholodylnyi-stil-na-6-yashchykiv-1860kh600-mm-tehma/
2046671059,descr_full,li: UA=14/RU=16; span: UA=0/RU=1,len(UA)=1671 len(RU)=1744,https://labresta.com.ua/shafa-morozylna-brillis-bl7-m-r290-ef/
2094488928,descr_full,strong: UA=0/RU=1,len(UA)=1861 len(RU)=1887,https://labresta.com.ua/shafa-morozylna-juka-nd75g/
2141755896,descr_full,li: UA=23/RU=24,len(UA)=709 len(RU)=761,https://labresta.com.ua/shafa-morozylna-tefcold-uf400s/
2284538874,descr_full,br: UA=3/RU=2; strong: UA=3/RU=2,len(UA)=1713 len(RU)=1748,https://labresta.com.ua/shafa-morozylna-brillis-bl9-led-r290-ef-inv-z-invertornoiu-tekhnolohiieiu/
2380658273,descr_full,span: UA=0/RU=7,len(UA)=2252 len(RU)=2253,https://labresta.com.ua/shafa-morozylna-ubc-super-large-ad-lb/
2380661181,descr_full,font: UA=22/RU=0; span: UA=0/RU=2,len(UA)=487 len(RU)=487,https://labresta.com.ua/shafa-morozylna-ubc-super-large-ad-lb-st-nerzhaviika/
2134354481,descr_full,p: UA=7/RU=6,len(UA)=1162 len(RU)=1162,https://labresta.com.ua/shafa-morozylna-tefcold-uf50g-p/
2047212257,descr_full,br: UA=7/RU=1; li: UA=0/RU=8; p: UA=7/RU=5; ul: UA=0/RU=1,len(UA)=1764 len(RU)=1776,https://labresta.com.ua/shafa-morozylna-brillis-bl4-r290/
667982768,descr_full,strong: UA=1/RU=0,len(UA)=825 len(RU)=833,https://labresta.com.ua/shafa-dlia-dozrivannia-everlasting-stg-green-meat-700-inox-ac9500/
2204154395,descr_full,strong: UA=1/RU=0,len(UA)=881 len(RU)=975,https://labresta.com.ua/shafa-dlia-vyna-sirman-colli-orientali/
2227197573,descr_full,font: UA=2/RU=0,len(UA)=789 len(RU)=796,https://labresta.com.ua/shafa-kholodylna-dlia-vyna-tecfrigo-sommelier-481/
2037165266,descr_full,strong: UA=0/RU=1,len(UA)=378 len(RU)=382,https://labresta.com.ua/shafa-barna-frosty-fbb293f/
2037360967,descr_full,strong: UA=1/RU=2,len(UA)=352 len(RU)=342,https://labresta.com.ua/shafa-barna-frosty-fbb220hs/
2037368159,descr_full,strong: UA=1/RU=2,len(UA)=482 len(RU)=475,https://labresta.com.ua/shafa-barna-frosty-fbb150h/
2043425566,descr_full,font: UA=7/RU=0,len(UA)=661 len(RU)=648,https://labresta.com.ua/shafa-kholodylna-dlia-napoiv-frosty-jc-75/
2106851586,descr_full,li: UA=12/RU=11,len(UA)=593 len(RU)=584,https://labresta.com.ua/shafa-morozylna-frosty-fbd200ss/
1771823382,descr_full,br: UA=1/RU=0; h2: UA=0/RU=1,len(UA)=968 len(RU)=994,https://labresta.com.ua/shafa-kholodylna-whirlpool-adn-140b/
1775900988,descr_full,br: UA=1/RU=0; p: UA=1/RU=2,len(UA)=446 len(RU)=448,https://labresta.com.ua/shafa-morozylna-hata-df200s-s-s201/
2052041140,descr_full,li: UA=11/RU=10,len(UA)=467 len(RU)=433,https://labresta.com.ua/shafa-vitryna-kholodylna-frosty-rt235l-black/
1546890217,descr_full,h2: UA=0/RU=1; li: UA=5/RU=4; p: UA=0/RU=1,len(UA)=105 len(RU)=235,https://labresta.com.ua/shpryts-kovbasnyi-hurakan-hkn-isv5p-black/
2044205614,descr_full,h4: UA=0/RU=1; p: UA=3/RU=2,len(UA)=531 len(RU)=539,https://labresta.com.ua/shpryts-kovbasnyi-elektrychnyi-frosty-evs-15n/
1546893484,descr_full,h2: UA=0/RU=1; li: UA=5/RU=4; p: UA=0/RU=1,len(UA)=105 len(RU)=235,https://labresta.com.ua/shpryts-kovbasnyi-hurakan-hkn-isv5p-black/2458/
2331710660,descr_full,strong: UA=1/RU=0,len(UA)=731 len(RU)=771,https://labresta.com.ua/chafindish-elektrychnyi-saro-lorena/
2044238827,descr_full,br: UA=1/RU=0; li: UA=9/RU=10,len(UA)=852 len(RU)=884,https://labresta.com.ua/shaurma-elektrychna-frosty-dg-01/
2208389957,descr_full,li: UA=13/RU=14,len(UA)=600 len(RU)=608,https://labresta.com.ua/tsentryfuha-dlia-bilyzny-treidvest-mb-25-kh/
